{
  "checkpoint": "C:\\New folder\\0.5 Atlass - codebase copy - Copy\\Atlas-Codebase_Intelligence_System\\backend\\training\\checkpoints\\best_model.pt",
  "n_samples_evaluated": 325,
  "n_total_sampled": 500,
  "mrr_at_10": 0.061439560439560434,
  "hits_at_1": 0.04923076923076923,
  "hits_at_5": 0.07692307692307693,
  "hits_at_10": 0.09230769230769231,
  "model_epoch": 5,
  "model_train_loss": 3.94096617544851
}