{
  "checkpoint": "C:\\New folder\\0.5 Atlass - codebase copy - Copy\\Atlas-Codebase_Intelligence_System\\backend\\training\\checkpoints\\best_model.pt",
  "n_samples_evaluated": 4400,
  "n_total_sampled": 5000,
  "mrr_at_10": 0.11190611471861472,
  "hits_at_1": 0.09704545454545455,
  "hits_at_5": 0.12977272727272726,
  "hits_at_10": 0.145,
  "model_epoch": 5,
  "model_train_loss": 3.94096617544851
}